{
      "id": "62f3575ab51f8a773cde8ed1",
<<<<<<< Updated upstream
      "SPH": 500,
      "UOM": 218.98845953655996,
      "UOC": 204.50641007007982,
      "IsPdfSend": 1
=======
      "SPH": 110,
      "UOM": 30.45136699844081,
      "UOC": 29.64090142619218,
      "IsPdfSend": 0,
      "CreatedAt": "19/08/2022 10:37:59"
>>>>>>> Stashed changes
}