{
      "id": "62f3575ab51f8a773cde8ed1",
      "SPH": 155,
      "UOM": 51.61509947723101,
      "UOC": 49.417795443982065,
      "IsPdfSend": 0
}