{
      "id": "62f3575ab51f8a773cde8ed1",
      "SPH": 500,
      "UOM": 218.98845953655996,
      "UOC": 204.50641007007982,
      "IsPdfSend": 1
}