{
      "id": "62f3575ab51f8a773cde8ed1",
      "SPH": 122,
      "UOM": 37.85302056604204,
      "UOC": 37.55710622799729,
      "IsPdfSend": 1
}