{
      "id": "62f3575ab51f8a773cde8ed1",
      "SPH": 170,
      "UOM": 60.85434614959988,
      "UOC": 58.757017826991905,
      "IsPdfSend": 1
}