{
      "id": "62f3575ab51f8a773cde8ed1",
      "SPH": 150,
      "UOM": 53.8167114870201,
      "UOC": 52.701879418796985,
      "IsPdfSend": 1
}