{
      "id": "62f3575ab51f8a773cde8ed1",
      "SPH": 75,
      "UOM": 15.330889265474996,
      "UOC": 16.798859453981734,
      "IsPdfSend": 1
}