{
      "id": "62f3575ab51f8a773cde8ed1",
      "SPH": 132,
      "UOM": 42.644963395949915,
      "UOC": 41.97375447778783,
      "IsPdfSend": 1
}