{
      "id": "62f3575ab51f8a773cde8ed1",
      "SPH": 67,
      "UOM": 16.514861338438987,
      "UOC": 14.581482628893598,
      "IsPdfSend": 1
}