{
      "id": "62f3575ab51f8a773cde8ed1",
<<<<<<< HEAD
      "SPH": 75,
      "UOM": 15.330889265474996,
      "UOC": 16.798859453981734,
=======
      "SPH": 122,
      "UOM": 37.85302056604204,
      "UOC": 37.55710622799729,
>>>>>>> 504ca0e4727c8f814377e0d4191652bb74955b02
      "IsPdfSend": 1
}