{
      "id": "62f3575ab51f8a773cde8ed1",
      "SPH": 101,
      "UOM": 26.763177678335673,
      "UOC": 28.251558494267016
}