{
      "id": "62f3575ab51f8a773cde8ed1",
      "SPH": 100,
      "UOM": 27.3107463402447,
      "UOC": 27.840480078458093,
      "IsPdfSend": 1,
      "CreatedAt": "18/08/2022 17:05:50"
}