{
      "id": "62f3575ab51f8a773cde8ed1",
      "SPH": 120,
      "UOM": 35.154418660394185,
      "UOC": 34.035766763478826,
      "IsPdfSend": 0
}