{
      "id": "62f3575ab51f8a773cde8ed1",
      "SPH": 500,
      "UOM": 213.8703818146226,
      "UOC": 201.04064958037114,
      "IsPdfSend": 0
}