{
      "id": "62f3575ab51f8a773cde8ed1",
      "SPH": 50,
      "UOM": 4.723486887925791,
      "UOC": 5.782305285607578,
      "IsPdfSend": 0
}