SPH,UOM,UOC,PDF
150,[[53.81671149]],[[52.70187942]],1
