{
      "memory": 48.090068010885865,
      "cpu": 47.26523673104986
}