{
      "UOM": 14.528217370551934,
      "UOC": 15.921861046094934
}