{
      "memory": 88.96762506603915,
      "cpu": 91.4911988589994
}